{"pairs":[
	{ "x0":175.462, "y0":71.3778, "x1":1.74786, "y1":7.44414 },
	{ "x0":6.49187, "y0":35.901, "x1":115.935, "y1":10.1397 },
	{ "x0":49.6344, "y0":66.6906, "x1":162.508, "y1":64.6566 }]
}